{
  "source_file": "cer-13-240025.pdf",
  "processing_timestamp": "2025-07-11T23:31:16.998780",
  "processing_profile": "balanced",
  "file_info": {
    "size_bytes": 1215453,
    "num_pages": 9
  },
  "statistics": {
    "total_text_length": 45176,
    "markdown_length": 38941,
    "has_tables": true,
    "table_count": 1
  },
  "timing": {
    "conversion_time": 14.089404106140137,
    "extraction_time": 0.027371883392333984,
    "total_time": 14.11680006980896
  }
}